{"cameraMode":{"drawMode":0,"name":"Shaded","section":"Shading Mode"},"sceneLighting":false,"audioPlay":false,"sceneViewState":{"showFog":true,"showMaterialUpdate":false,"showSkybox":true,"showFlares":true,"showImageEffects":true,"showParticleSystems":true},"in2DMode":false,"pivot":{"x":-4.516323089599609,"y":1.5004173517227173,"z":15.70536994934082},"rotation":{"x":-0.07003290206193924,"y":-0.869311511516571,"z":0.1289924532175064,"w":-0.4719681143760681},"size":12.1072998046875,"orthographic":false}