{"cameraMode":{"drawMode":0,"name":"Shaded","section":"Shading Mode"},"sceneLighting":true,"audioPlay":false,"sceneViewState":{"showFog":true,"showMaterialUpdate":false,"showSkybox":true,"showFlares":true,"showImageEffects":true,"showParticleSystems":true},"in2DMode":false,"pivot":{"x":-0.3047041893005371,"y":3.2807579040527345,"z":13.625646591186524},"rotation":{"x":-0.029756853356957437,"y":0.9698110222816467,"z":-0.1558203101158142,"w":-0.18520589172840119},"size":15.916890144348145,"orthographic":false}