{"cameraMode":{"drawMode":0,"name":"Shaded","section":"Shading Mode"},"sceneLighting":false,"audioPlay":false,"sceneViewState":{"showFog":true,"showMaterialUpdate":false,"showSkybox":true,"showFlares":true,"showImageEffects":true,"showParticleSystems":true},"in2DMode":false,"pivot":{"x":0.17799998819828034,"y":1.350000023841858,"z":9.880000114440918},"rotation":{"x":-0.09768795967102051,"y":-0.8776424527168274,"z":0.20254282653331757,"w":-0.4232932925224304},"size":2.8578836917877199,"orthographic":false}