{"cameraMode":{"drawMode":0,"name":"Shaded","section":"Shading Mode"},"sceneLighting":false,"audioPlay":false,"sceneViewState":{"showFog":true,"showMaterialUpdate":false,"showSkybox":true,"showFlares":true,"showImageEffects":true,"showParticleSystems":true},"in2DMode":false,"pivot":{"x":-3.615999937057495,"y":1.7100000381469727,"z":17.540000915527345},"rotation":{"x":0.021325785666704179,"y":-0.977715253829956,"z":0.12415596097707749,"w":0.16793866455554963},"size":0.5715773701667786,"orthographic":false}